{
  "name": "Plagiatorul",
  "position": {
    "x": 389.7413024902344,
    "y": -396.68890380859375,
    "z": 46.58305358886719
  },
  "model": 1885233650,
  "money": 0,
  "myWeather": "CLEAR",
  "isSnowing": false
}