{
  "name": "Plagiatorul",
  "position": {
    "x": -575.5991821289062,
    "y": -23.133092880249023,
    "z": 44.46442794799805
  },
  "model": 1885233650,
  "money": 0,
  "myWeather": "CLEAR",
  "isSnowing": false
}