{
  "name": "rZn24",
  "position": {
    "x": 417.92962646484375,
    "y": -1376.7607421875,
    "z": 29.0609073638916
  },
  "model": 1885233650,
  "money": 990
}