{
  "name": "rZn24",
  "position": {
    "x": -57.73665237426758,
    "y": -92.69706726074219,
    "z": 57.78123092651367
  },
  "model": 1885233650,
  "money": 0
}